alpha,Cl,Cd,Re,Cl/Cd
-4.88,-0.382,0.0175,201600,-21.82857143
-3.28,-0.171,0.0147,201600,-11.63265306
-1.77,-0.02,0.0134,201600,-1.492537313
-0.28,0.112,0.0113,201600,9.911504425
1.28,0.271,0.0108,201600,25.09259259
2.8,0.494,0.0123,201600,40.16260163
4.33,0.628,0.0135,201600,46.51851852
5.88,0.762,0.0146,201600,52.19178082
7.42,0.887,0.0164,201600,54.08536585
8.94,0.996,0.0194,201600,51.34020619
10.45,1.069,0.0249,201600,42.93172691
