alpha,Cl,Cd,Re,Cl/Cd
-4.91,-0.45,0.0292,60400,-15.4109589
-3.37,-0.349,0.0229,60400,-15.24017467
-1.85,-0.225,0.022,60400,-10.22727273
-0.31,-0.032,0.0248,60400,-1.290322581
1.25,0.228,0.0304,60400,7.5
2.8,0.423,0.0332,60400,12.74096386
4.32,0.572,0.0342,60400,16.7251462
5.85,0.7,0.0354,60400,19.7740113
7.4,0.821,0.0356,60400,23.06179775
8.93,0.937,0.0351,60400,26.6951567
11.23,1.055,0.043,60400,24.53488372
