alpha,Cl,Cd,Re,Cl/Cd
-6.23,-0.612,0.0259,100800,-23.62934363
-3.35,-0.332,0.0201,100800,-16.51741294
-1.84,-0.133,0.0201,100800,-6.616915423
-0.26,0.076,0.0196,100800,3.87755102
1.31,0.362,0.021,100800,17.23809524
2.82,0.469,0.0211,100800,22.22748815
4.34,0.592,0.02,100800,29.6
5.87,0.718,0.0207,100800,34.68599034
7.41,0.841,0.022,100800,38.22727273
8.93,0.969,0.0249,100800,38.91566265
10.45,1.049,0.0333,100800,31.5015015
