alpha,Cl,Cd,Re,Cl/Cd
-4.87,-0.316,0.013,302700,-24.30769231
-3.35,-0.169,0.0115,302700,-14.69565217
-1.8,-0.03,0.0109,302700,-2.752293578
-0.23,0.119,0.0097,302700,12.26804124
1.27,0.263,0.0092,302700,28.58695652
2.86,0.479,0.0112,302700,42.76785714
4.36,0.634,0.0114,302700,55.61403509
5.88,0.759,0.0128,302700,59.296875
7.41,0.878,0.0145,302700,60.55172414
8.93,0.983,0.0176,302700,55.85227273
10.45,1.062,0.0229,302700,46.37554585
